NAME , DURATION , PATH
ad by android one,00:01:10,1.mp4
ad by axe,00:00:34,2.mp4
ad by bajaj discover,00:00:39,3.mp4
ad by bmw,00:00:44,4.mp4
ad by 5 star,00:00:44,5.mp4
ad by maruthi suzuki,00:00:29,6.mp4
ad by contrex,00:01:38,7.mp4
ad by dairy milk,00:00:44,8.mp4
ad by google nexus,00:00:59,9.mp4
ad by honda jazz,00:00:44,10.mp4
ad by micromax,00:00:08,11.mp4
ad by idea,00:01:30,12.mp4
ad by british airways,00:01:29,13.mp4
ad by hero moto corp,00:00:59,14.mp4
ad by lg smart 3d tv,00:00:59,15.mp4
ad by lg technologies,00:00:59,16.mp4
ad by mahindra,00:00:59,17.mp4
ad by maruthi suzuki,00:00:58,18.mp4
ad by benz,00:00:59,19.mp4
ad by benz,00:01:16,20.mp4
ad by micromax,00:01:00,21.mp4
ad by motorola,00:01:04,22.mp4
ad by benz,00:00:59,23.mp4
ad by nokia,00:00:44,24.mp4
ad by pepsi,00:00:44,25.mp4
ad by pepsi,00:00:19,26.mp4
ad by panasonic,00:00:50,27.mp4
ad by shopclues.com,00:00:39,28.mp4
ad by tata motars,00:00:40,29.mp4
ad by bentley,00:01:01,30.mp4
ad by vodafone,00:00:40,31.mp4
ad by airtel,00:00:28,32.mp4
